	Expected time	k^*
Expected Time General	2974.047700868689	All
1	501.0	500
2	750.9999999999509	500
3	917.6666666665848	500
4	1042.6666666665603	500
5	1142.6666666665406	500
6	1225.9999999998577	500
7	1297.428571428415	500
8	1359.9285714284024	500
9	1415.484126983947	500
10	1465.4841269839371	500
11	1510.9386724384738	500
12	1552.6053391051323	500
13	1591.0668775666632	500
14	1626.7811632809419	500
15	1660.1144966142685	500
16	1691.3644966142624	500
17	1720.776261320139	500
18	1748.5540390979113	500
19	1774.8698285715907	500
20	1799.869828571586	500
21	1823.6793523811052	500
22	1846.4066251083734	500
23	1868.1457555431516	500
24	1888.9790888764808	500
25	1908.979088876477	500
26	1928.2098581072426	500
27	1946.7283766257574	500
28	1964.5855194828966	500
29	1981.826898793238	500
30	1998.4935654599012	500
31	2014.6225977179627	500
32	2030.2475977179595	500
33	2045.399112869472	500
34	2060.1049952224103	500
35	2074.3907095081217	500
36	2088.279598397008	500
37	2101.793111910519	500
38	2114.951006647359	500
39	2127.7715194678694	500
40	2140.271519467867	500
41	2152.466641419084	500
42	2164.371403323844	500
43	2175.9993103005854	500
44	2187.3629466642196	500
45	2198.4740577753287	500
46	2209.343622992718	500
47	2219.981920865056	500
48	2230.3985875317208	500
49	2240.6026691643715	500
50	2250.6026691643697	500
51	2260.4065907329955	500
52	2270.0219753483784	500
53	2279.4559376125276	500
54	2288.715196871785	500
55	2297.806105962692	500
56	2306.734677391262	500
57	2315.5066072158215	500
58	2324.1272968709923	500
59	2332.601873142177	500
60	2340.9352064755085	500
61	2349.131927786982	500
62	2357.1964439160124	500
63	2365.132951852519	500
64	2372.945451852517	500
65	2380.6377595448234	500
66	2388.213517120579	500
67	2395.6762036877417	500
68	2403.029144864211	500
69	2410.275521675804	500
70	2417.41837881866	500
71	2424.4606323397857	500
72	2431.4050767842286	500
73	2438.2543918527203	500
74	2445.011148609476	500
75	2451.6778152761417	500
76	2458.2567626445616	500
77	2464.750269138067	500
78	2471.1605255483223	500
79	2477.4896394723714	500
80	2483.73963947237	500
81	2489.912478978542	500
82	2496.01003995415	500
83	2502.0341363396915	500
84	2507.9865172920713	500
85	2513.8688702332465	500
86	2519.6828237216173	500
87	2525.429950158398	500
88	2531.111768340215	500
89	2536.729745868304	500
90	2542.285301423858	500
91	2547.7798069183623	500
92	2553.2145895270573	500
93	2558.590933613078	500
94	2563.910082549247	500
95	2569.1732404439826	500
96	2574.3815737773148	500
97	2579.536212952571	500
98	2584.638253768897	500
99	2589.688758819401	500
100	2594.6887588194	500
101	2599.639253868904	500
102	2604.5412146532167	500
103	2609.3955835852544	500
104	2614.2032758929454	500
105	2618.965180654849	500
106	2623.682161786923	500
107	2628.3550589831843	500
108	2632.984688612813	500
109	2637.571844576115	500
110	2642.1172991215685	500
111	2646.621803626072	500
112	2651.086089340357	500
113	2655.510868101418	500
114	2659.8968330136977	500
115	2664.2446591006533	500
116	2668.5550039282384	500
117	2672.828508201742	500
118	2677.065796337334	500
119	2681.2674770096023	500
120	2685.434143676268	500
121	2689.5663750812255	500
122	2693.664735736962	500
123	2697.729776387368	500
124	2701.762034451883	500
125	2705.7620344518823	500
126	2709.730288420136	500
127	2713.6672962941507	500
128	2717.5735462941498	500
129	2721.4495152863974	500
130	2725.2956691325503	500
131	2729.112463025679	500
132	2732.900341813557	500
133	2736.659740309797	500
134	2740.3910835933784	500
135	2744.0947872970814	500
136	2747.771257885316	500
137	2751.4208929218116	500
138	2755.044081327608	500
139	2758.641203629766	500
140	2762.212632201194	500
141	2765.7587314919733	500
142	2769.279858252536	500
143	2772.7763617490386	500
144	2776.24858397126	500
145	2779.696859833328	500
146	2783.1215173675737	500
147	2786.522877911791	500
148	2789.9012562901685	500
149	2793.2569609881543	500
150	2796.5902943214874	500
151	2799.901552599632	500
152	2803.1910262838414	500
153	2806.4590001400497	500
154	2809.7057533868024	500
155	2812.9315598384146	500
156	2816.136688043542	500
157	2819.3214014193377	500
158	2822.4859583813623	500
159	2825.6306124694115	500
160	2828.755612469411	500
161	2831.861202531522	500
162	2834.947622284608	500
163	2838.015106947184	500
164	2841.063887434989	500
165	2844.0941904652914	500
166	2847.106238658062	500
167	2850.100250634109	500
168	2853.0534970795024	500
169	2855.969941740215	500
170	2858.8530802130435	500
171	2861.702622303727	500
172	2864.5188653784244	500
173	2867.3025570347368	500
174	2870.054276306115	500
175	2872.774543309901	500
176	2875.463895635159	500
177	2878.1228612637005	500
178	2880.7519514956557	500
179	2883.3516665403217	500
180	2885.9224961817085	500
181	2888.46491922296	500
182	2890.9794038605182	500
183	2893.4664080947796	500
184	2895.9263799771165	500
185	2898.3481634214927	500
186	2900.7310290822584	500
187	2903.079024077304	500
188	2905.3927489355247	500
189	2907.6724760901448	500
190	2909.91899088491	500
191	2912.1329675432294	500
192	2914.3150530520084	500
193	2916.465898348854	500
194	2918.586123338694	500
195	2920.664889870667	500
196	2922.7054212436724	500
197	2924.711585522561	500
198	2926.683213845855	500
199	2928.62103337074	500
200	2930.5259063251137	500
201	2932.3945848677627	500
202	2934.222340755374	500
203	2936.0138487605495	500
204	2937.771219121225	500
205	2939.494467437478	500
206	2941.1786632315466	500
207	2942.823432412902	500
208	2944.432998337064	500
209	2946.008458801945	500
210	2947.5419225654928	500
211	2949.0380828426096	500
212	2950.500391415573	500
213	2951.920302026297	500
214	2953.3036295406873	500
215	2954.649001653385	500
216	2955.955266214957	500
217	2957.223353800432	500
218	2958.4528605364785	500
219	2959.6426180658787	500
220	2960.794219511583	500
221	2961.906369213153	500
222	2962.9783269222594	500
223	2964.0110988466017	500
224	2965.0041986425003	500
225	2965.957398533829	500
226	2966.870613091049	500
227	2967.743898793469	500
228	2968.5761344446023	500
229	2969.3682108682365	500
230	2970.119340573452	500
231	2970.829604967925	500
232	2971.4990520919378	500
233	2972.127423579199	500
234	2972.7143829996594	500
235	2973.2601213182043	500
236	2973.764648105677	500
237	2974.22799795517	500
238	2974.6360653333622	477
239	2974.899621696989	436
240	2975.08309975382	412
241	2975.226083556819	392
242	2975.3444103234347	376
243	2975.4455695958404	360
244	2975.5335467052887	346
245	2975.6101886741926	330
246	2975.6760106429465	316
247	2975.730457017484	300
248	2975.7722546241166	284
249	2975.7993338282354	266
250	2975.8092731050274	250
251	2975.7985430068925	233
252	2975.7649183280178	217
253	2975.705534630767	201
254	2975.617634429386	185
255	2975.49877167017	169
256	2975.3466866667386	155
257	2975.159521701894	143
258	2974.9355620652286	129
259	2974.6735362920735	119
260	2974.3725139161297	109
261	2974.031504241941	99
262	2973.6502474027893	89
263	2973.22799795517	83
264	2972.764648105677	75
265	2972.2601213182043	69
266	2971.7143829996594	63
267	2971.127423579199	57
268	2970.4990520919378	53
269	2969.829604967925	49
270	2969.119340573452	45
271	2968.3682108682365	41
272	2967.5761344446023	39
273	2966.743898793469	35
274	2965.870613091049	33
275	2964.957398533829	31
276	2964.0041986425003	29
277	2963.0110988466017	27
278	2961.9783269222594	25
279	2960.906369213153	23
280	2959.794219511583	23
281	2958.6426180658787	21
282	2957.4528605364785	19
283	2956.223353800432	19
284	2954.955266214957	17
285	2953.649001653385	17
286	2952.3036295406873	15
287	2950.920302026297	15
288	2949.500391415573	13
289	2948.0380828426096	13
290	2946.5419225654928	13
291	2945.008458801945	11
292	2943.432998337064	11
293	2941.823432412902	11
294	2940.1786632315466	11
295	2938.494467437478	9
296	2936.771219121225	9
297	2935.0138487605495	9
298	2933.222340755374	9
299	2931.3945848677627	9
300	2929.5259063251137	7
301	2927.62103337074	7
302	2925.683213845855	7
303	2923.711585522561	7
304	2921.7054212436724	7
305	2919.664889870667	7
306	2917.586123338694	5
307	2915.465898348854	5
308	2913.3150530520084	5
309	2911.1329675432294	5
310	2908.91899088491	5
311	2906.6724760901448	5
312	2904.3927489355247	5
313	2902.079024077304	5
314	2899.7310290822584	5
315	2897.3481634214927	5
316	2894.9263799771165	3
317	2892.4664080947796	3
318	2889.9794038605182	3
319	2887.46491922296	3
320	2884.9224961817085	3
321	2882.3516665403217	3
322	2879.7519514956557	3
323	2877.1228612637005	3
324	2874.463895635159	3
325	2871.774543309901	3
326	2869.054276306115	3
327	2866.3025570347368	3
328	2863.5188653784244	3
329	2860.702622303727	3
330	2857.8530802130435	3
331	2854.969941740215	3
332	2852.0534970795024	3
333	2849.100250634109	1
334	2846.106238658062	1
335	2843.0941904652914	1
336	2840.063887434989	1
337	2837.015106947184	1
338	2833.947622284608	1
339	2830.861202531522	1
340	2827.755612469411	1
341	2824.6306124694115	1
342	2821.4859583813623	1
343	2818.3214014193377	1
344	2815.136688043542	1
345	2811.9315598384146	1
346	2808.7057533868024	1
347	2805.4590001400497	1
348	2802.1910262838414	1
349	2798.901552599632	1
350	2795.5902943214874	1
351	2792.2569609881543	1
352	2788.9012562901685	1
353	2785.522877911791	1
354	2782.1215173675737	1
355	2778.696859833328	1
356	2775.24858397126	1
357	2771.7763617490386	1
358	2768.279858252536	1
359	2764.7587314919733	1
360	2761.212632201194	1
361	2757.641203629766	1
362	2754.044081327608	1
363	2750.4208929218116	1
364	2746.771257885316	1
365	2743.0947872970814	1
366	2739.3910835933784	1
367	2735.659740309797	1
368	2731.900341813557	1
369	2728.112463025679	1
370	2724.2956691325503	1
371	2720.4495152863974	1
372	2716.5735462941498	1
373	2712.6672962941507	1
374	2708.730288420136	1
375	2704.7620344518823	1
376	2700.762034451883	1
377	2696.729776387368	1
378	2692.664735736962	1
379	2688.5663750812255	1
380	2684.434143676268	1
381	2680.2674770096023	1
382	2676.065796337334	1
383	2671.828508201742	1
384	2667.5550039282384	1
385	2663.2446591006533	1
386	2658.8968330136977	1
387	2654.510868101418	1
388	2650.086089340357	1
389	2645.621803626072	1
390	2641.1172991215685	1
391	2636.571844576115	1
392	2631.984688612813	1
393	2627.3550589831843	1
394	2622.682161786923	1
395	2617.965180654849	1
396	2613.2032758929454	1
397	2608.3955835852544	1
398	2603.5412146532167	1
399	2598.639253868904	1
400	2593.6887588194	1
401	2588.688758819401	1
402	2583.638253768897	1
403	2578.536212952571	1
404	2573.3815737773148	1
405	2568.1732404439826	1
406	2562.910082549247	1
407	2557.590933613078	1
408	2552.2145895270573	1
409	2546.7798069183623	1
410	2541.285301423858	1
411	2535.729745868304	1
412	2530.111768340215	1
413	2524.429950158398	1
414	2518.6828237216173	1
415	2512.8688702332465	1
416	2506.9865172920713	1
417	2501.0341363396915	1
418	2495.01003995415	1
419	2488.912478978542	1
420	2482.73963947237	1
421	2476.4896394723714	1
422	2470.1605255483223	1
423	2463.750269138067	1
424	2457.2567626445616	1
425	2450.6778152761417	1
426	2444.011148609476	1
427	2437.2543918527203	1
428	2430.4050767842286	1
429	2423.4606323397857	1
430	2416.41837881866	1
431	2409.275521675804	1
432	2402.029144864211	1
433	2394.6762036877417	1
434	2387.213517120579	1
435	2379.6377595448234	1
436	2371.945451852517	1
437	2364.132951852519	1
438	2356.1964439160124	1
439	2348.131927786982	1
440	2339.9352064755085	1
441	2331.601873142177	1
442	2323.1272968709923	1
443	2314.5066072158215	1
444	2305.734677391262	1
445	2296.806105962692	1
446	2287.715196871785	1
447	2278.4559376125276	1
448	2269.0219753483784	1
449	2259.4065907329955	1
450	2249.6026691643697	1
451	2239.6026691643715	1
452	2229.3985875317208	1
453	2218.981920865056	1
454	2208.343622992718	1
455	2197.4740577753287	1
456	2186.3629466642196	1
457	2174.9993103005854	1
458	2163.371403323844	1
459	2151.466641419084	1
460	2139.271519467867	1
461	2126.7715194678694	1
462	2113.951006647359	1
463	2100.793111910519	1
464	2087.279598397008	1
465	2073.3907095081217	1
466	2059.1049952224103	1
467	2044.399112869472	1
468	2029.2475977179595	1
469	2013.6225977179627	1
470	1997.4935654599012	1
471	1980.826898793238	1
472	1963.5855194828966	1
473	1945.7283766257574	1
474	1927.2098581072426	1
475	1907.979088876477	1
476	1887.9790888764808	1
477	1867.1457555431516	1
478	1845.4066251083734	1
479	1822.6793523811052	1
480	1798.869828571586	1
481	1773.8698285715907	1
482	1747.5540390979113	1
483	1719.776261320139	1
484	1690.3644966142624	1
485	1659.1144966142685	1
486	1625.7811632809419	1
487	1590.0668775666632	1
488	1551.6053391051323	1
489	1509.9386724384738	1
490	1464.4841269839371	1
491	1414.484126983947	1
492	1358.9285714284024	1
493	1296.428571428415	1
494	1224.9999999998577	1
495	1141.6666666665406	1
496	1041.6666666665603	1
497	916.6666666665848	1
498	749.9999999999509	1
499	500.0	1
500	0.0	0
